{
  "accuracy": 0.9149285714285714,
  "precision": 0.6459770114942529,
  "recall": 0.5362595419847328,
  "f1": 0.5860271115745568,
  "confusion_matrix": [
    [
      11966,
      462
    ],
    [
      729,
      843
    ]
  ]
}
