{
  "accuracy": 0.9082857142857143,
  "precision": 0.6031518624641834,
  "recall": 0.5356234096692112,
  "f1": 0.5673854447439353,
  "confusion_matrix": [
    [
      5937,
      277
    ],
    [
      365,
      421
    ]
  ]
}