{
  "accuracy": 0.9050714285714285,
  "precision": 0.5640484976278334,
  "recall": 0.6806615776081425,
  "f1": 0.6168924762179302,
  "confusion_matrix": [
    [
      11601,
      827
    ],
    [
      502,
      1070
    ]
  ]
}
